canonical_term,urdu_script,roman_variants,english_synonyms
razai,رضائی,"razai|rajai|rezai|rzai|razayi|rajaai|razi",quilt|comforter|duvet
razai cover,رضائی کور,"razai cover|rajai cover|rezai cover|razai ka cover|razi cover|razai ghilaf",quilt cover|duvet cover
razai set,رضائی سیٹ,"razai set|rajai set|razai seat",quilt set|wedding quilt set
gadda,گدا,"gadda|gaddha|gadha|gaddah|gada|gadde|gadday",mattress|floor mattress
chadar,چادر,"chadar|chaddar|chader|chadder|chaadar",bed sheet|bedsheet|sheet|flat sheet
bedsheet,بیڈ شیٹ,"bedsheet|bed sheet|bedshet|bad sheet|bedsheat|betsheet",bed sheet|sheet set
bed cover,بیڈ کور,"bed cover|bedcover|bad cover|bed kavar",bedspread|coverlet|comforter set
takiya,تکیہ,"takiya|takia|takya|takiye|takiay",pillow
takiye ka ghilaf,تکیے کا غلاف,"takiye ka ghilaf|takiye ka cover|pillow cover|takia cover",pillowcase|pillow cover
gol takiya,گول تکیہ,"gol takiya|gol takia|goal takiya|gol takya",bolster|round pillow|cylinder pillow
kambal,کمبل,"kambal|kumbal|kambl|kammal|blanket|blankit",blanket|throw
cloudy,کلاؤڈی,"cloudy|claudy|kloudy|cloudi|clowdy",cloudy blanket|fluffy blanket|thick blanket
baby blanket,بچوں کا کمبل,"baby blanket|bache ka kambal|bachon ka kambal|baby kambal",baby blanket|cot blanket|receiving blanket
jae namaz,جائے نماز,"jae namaz|janamaz|jaenamaz|jai namaz|jaa namaz|jae nimaz|musalla|musala",prayer mat|prayer rug|sajjada
dasterkhawan,دسترخوان,"dasterkhawan|dastarkhwan|dastarkhan|dasterkhan|dastarkhawan|dastar khwan",table spread|floor cloth|dining mat
parda,پردہ,"parda|pardah|parday|parde|purda",curtain|drape
sofa cover,صوفہ کور,"sofa cover|sofa kavar|sofay ka cover|soofa cover",sofa cover|slipcover|couch cover
mattress cover,میٹرس کور,"mattress cover|matress cover|mattres cover|metres cover|gadde ka cover",mattress protector|fitted sheet
makhmal,مخمل,"makhmal|mukhmal|makhmel|velvet|velvat|valvet",velvet
suti,سوتی,"suti|sooti|soti|cotton|coton",cotton
rui,روئی,"rui|roi|rooi|ruyi",cotton filling|cotton wadding
malai,ملائی,"malai|malaai|mulai",malai velvet|smooth velvet
jersey,جرسی,"jersey|jersi|jarsi|jursi",jersey|knit fabric
fleece,فلیس,"fleece|flees|flece|flis",fleece
single,سنگل,"single|singal|sngl|single bed|singel",single|twin
double,ڈبل,"double|dabal|dubble|double bed|dbl|duble",double|queen
king size,کنگ سائز,"king size|king|kng size|kingsize",king
set,سیٹ,"set|seat|sett",set
piece,پیس,"piece|pcs|pc|pis|peace",piece
size,سائز,"size|saiz|saize|sise",size|dimensions|measurement
naap,ناپ,"naap|nap|nap tol",measurement|size
price,قیمت,"price|prize|prise|rate|reat|qeemat|qimat|keemat|kimat",price|cost
kitna,کتنا,"kitna|kitnaa|ktna|kitne|kitni|kitny",how much|how many
kab,کب,"kab|kb|kub",when
delivery,ڈیلیوری,"delivery|dilivery|delevery|delivry|dlvry|dilevery|deliviry",delivery|shipping
charges,چارجز,"charges|charjes|charjez|chargis|kharcha",charges|fee|cost
order,آرڈر,"order|ordr|oder|arder",order
cash on delivery,کیش آن ڈیلیوری,"cod|c.o.d|cash on delivery|cash on dilivery|paise delivery pe",cash on delivery|cod
wapsi,واپسی,"wapsi|wapas|wapis|return|retrn",return
tabdeel,تبدیل,"tabdeel|tabdil|change|exchange|badal|badalna",exchange|swap
refund,ریفنڈ,"refund|refnd|paise wapas|raqam wapas",refund
stock,اسٹاک,"stock|stok|stak|mojood|available",in stock|available
khatam,ختم,"khatam|khtm|khatm|out of stock",out of stock|sold out
tracking,ٹریکنگ,"tracking|traking|trckng|track number|tracking number",tracking|tracking number
kharab,خراب,"kharab|khrab|kharaab|damage|damaged|phata hua",damaged|faulty|torn
ghalat,غلط,"ghalat|galat|glt|ghalt|wrong",wrong|incorrect
dhulai,دھلائی,"dhulai|dhulaai|dhona|dhoyen|dho sakte|wash",washing|wash
dhunai,دھنائی,"dhunai|dhunaai|dhonai|pinjai",re-carding|re-fluffing
sardi,سردی,"sardi|sardii|sardiyon|thand|thanda",winter|cold
garmi,گرمی,"garmi|garmiyon|garmee",summer|hot
jahez,جہیز,"jahez|jahaiz|jahiz|dahej|jahez set",dowry|wedding set
wholesale,ہول سیل,"wholesale|hole sale|holsale|wholesail|thok",wholesale|bulk
