doc_id,source,title,language,doc_type,last_updated,contains_personal_data,raw_path
policy-bulk-001,policies,Bulk and wholesale orders,mixed,policy,2026-09-26,false,data/raw/policies/bulk-and-wholesale.md
policy-cod-001,policies,Cash on delivery (COD),mixed,policy,2026-09-26,false,data/raw/policies/cash-on-delivery.md
policy-damaged-001,policies,Damaged or wrong item received,mixed,policy,2026-09-26,false,data/raw/policies/damaged-or-wrong-item.md
policy-exchange-001,policies,Exchange policy (size exchanges),mixed,policy,2026-09-26,false,data/raw/policies/exchange.md
policy-internal-cod-refusal-001,policies,Staff procedure: handling a refused COD parcel,en,policy,2026-09-26,false,data/raw/policies/internal-cod-refusal-procedure.md
policy-internal-order-confirmation-001,policies,Staff procedure: confirming a new order,en,policy,2026-09-26,false,data/raw/policies/internal-order-confirmation-procedure.md
policy-cancellation-001,policies,Order cancellation,mixed,policy,2026-09-26,false,data/raw/policies/order-cancellation.md
policy-order-status-001,policies,What each order status means,mixed,policy,2026-09-26,false,data/raw/policies/order-status-meanings.md
policy-payment-001,policies,Payment methods,mixed,policy,2026-09-26,false,data/raw/policies/payment-methods.md
policy-prices-001,policies,"Prices, discounts and price changes",mixed,policy,2026-09-26,false,data/raw/policies/prices-and-discounts.md
policy-refunds-001,policies,Refunds,mixed,policy,2026-09-26,false,data/raw/policies/refunds.md
policy-returns-001,policies,Returns policy,mixed,policy,2026-09-26,false,data/raw/policies/returns.md
policy-stock-001,policies,Stock and restocking,mixed,policy,2026-09-26,false,data/raw/policies/stock-and-restocking.md
policy-store-visit-001,policies,Visiting the shop,mixed,policy,2026-09-26,false,data/raw/policies/visiting-the-shop.md
shipping-tracking-001,shipping,Couriers and tracking,mixed,shipping,2026-09-26,false,data/raw/shipping/couriers-and-tracking.md
shipping-charges-001,shipping,Delivery charges,mixed,shipping,2026-09-26,false,data/raw/shipping/delivery-charges.md
shipping-zones-001,shipping,Delivery zones and timelines,mixed,shipping,2026-09-26,false,data/raw/shipping/delivery-zones-and-timelines.md
shipping-late-001,shipping,What if my delivery is late or lost,mixed,shipping,2026-09-26,false,data/raw/shipping/late-or-lost-delivery.md
shipping-weights-001,shipping,Typical parcel weights,mixed,shipping,2026-09-26,false,data/raw/shipping/parcel-weights.md
shipping-pickup-001,shipping,Shop pickup and same-city delivery,mixed,shipping,2026-09-26,false,data/raw/shipping/shop-pickup-and-local-delivery.md
size-baby-blanket-001,size_guides,Baby blanket sizes,mixed,size_guide,2026-09-26,false,data/raw/size_guides/baby-blanket-sizes.md
size-bed-cover-001,size_guides,Bed cover set sizes and contents,mixed,size_guide,2026-09-26,false,data/raw/size_guides/bed-cover-set-sizes.md
size-bedsheet-001,size_guides,Bed sheet sizes,mixed,size_guide,2026-09-26,false,data/raw/size_guides/bed-sheet-sizes.md
size-blanket-001,size_guides,Blanket sizes (including cloudy blankets),mixed,size_guide,2026-09-26,false,data/raw/size_guides/blanket-sizes.md
size-curtain-001,size_guides,Curtain (parda) sizes,mixed,size_guide,2026-09-26,false,data/raw/size_guides/curtain-sizes.md
size-dasterkhawan-001,size_guides,Dasterkhawan sizes,mixed,size_guide,2026-09-26,false,data/raw/size_guides/dasterkhawan-sizes.md
size-gadda-001,size_guides,Gadda sizes,mixed,size_guide,2026-09-26,false,data/raw/size_guides/gadda-sizes.md
size-how-to-choose-001,size_guides,How to choose the right size,mixed,size_guide,2026-09-26,false,data/raw/size_guides/how-to-choose-the-right-size.md
size-jae-namaz-001,size_guides,Jae namaz (prayer mat) sizes,mixed,size_guide,2026-09-26,false,data/raw/size_guides/jae-namaz-sizes.md
size-mattress-cover-001,size_guides,Mattress cover sizes,mixed,size_guide,2026-09-26,false,data/raw/size_guides/mattress-cover-sizes.md
size-razai-001,size_guides,Razai and razai cover sizes,mixed,size_guide,2026-09-26,false,data/raw/size_guides/razai-and-razai-cover-sizes.md
size-sofa-cover-001,size_guides,Sofa cover and gol takiya sizes,mixed,size_guide,2026-09-26,false,data/raw/size_guides/sofa-cover-and-cushion-sizes.md
fabric-cloudy-mink-001,fabric_guides,Cloudy and mink blankets,mixed,fabric_guide,2026-09-26,false,data/raw/fabric_guides/cloudy-and-mink-blankets.md
fabric-cotton-001,fabric_guides,Cotton (suti) bedding,mixed,fabric_guide,2026-09-26,false,data/raw/fabric_guides/cotton.md
fabric-fleece-sherpa-001,fabric_guides,Fleece and sherpa,mixed,fabric_guide,2026-09-26,false,data/raw/fabric_guides/fleece-and-sherpa.md
fabric-jersey-001,fabric_guides,Jersey,mixed,fabric_guide,2026-09-26,false,data/raw/fabric_guides/jersey.md
fabric-microfibre-001,fabric_guides,Microfibre and polyester sheets,mixed,fabric_guide,2026-09-26,false,data/raw/fabric_guides/microfibre-and-polyester.md
fabric-fillings-001,fabric_guides,Razai and gadda fillings,mixed,fabric_guide,2026-09-26,false,data/raw/fabric_guides/razai-and-gadda-fillings.md
fabric-velvet-001,fabric_guides,Velvet (makhmal) razai covers and bed sheets,mixed,fabric_guide,2026-09-26,false,data/raw/fabric_guides/velvet.md
fabric-season-001,fabric_guides,Which fabric for which season,mixed,fabric_guide,2026-09-26,false,data/raw/fabric_guides/which-fabric-for-which-season.md
care-blanket-001,care,"Caring for cloudy, mink and fleece blankets",mixed,care,2026-09-26,false,data/raw/care/caring-for-blankets.md
care-curtain-sofa-001,care,Caring for curtains and sofa covers,mixed,care,2026-09-26,false,data/raw/care/caring-for-curtains-and-sofa-covers.md
care-gadda-001,care,Caring for a gadda,mixed,care,2026-09-26,false,data/raw/care/caring-for-gadda.md
care-jae-namaz-001,care,Caring for jae namaz and dasterkhawan,mixed,care,2026-09-26,false,data/raw/care/caring-for-jae-namaz-and-dasterkhawan.md
care-razai-001,care,Caring for a razai,mixed,care,2026-09-26,false,data/raw/care/caring-for-razai.md
care-velvet-001,care,Caring for velvet razai covers,mixed,care,2026-09-26,false,data/raw/care/caring-for-velvet.md
care-storage-001,care,Storing winter bedding in summer,mixed,care,2026-09-26,false,data/raw/care/storing-winter-bedding.md
care-bedsheet-001,care,Washing bed sheets,mixed,care,2026-09-26,false,data/raw/care/washing-bed-sheets.md
product-zy0000000199-001,products,Al Maqam Jae Namaz,mixed,product,2026-09-26,false,data/raw/products/al-maqam-jae-namaz-zy0000000199.md
product-zy0000000202-001,products,Al Mattaf Jae Namaz,mixed,product,2026-09-26,false,data/raw/products/al-mattaf-jae-namaz-zy0000000202.md
product-zy0000000198-001,products,Al Qamar Jae Namaz,mixed,product,2026-09-26,false,data/raw/products/al-qamar-jae-namaz-zy0000000198.md
product-zy0000000178-001,products,Almirah Box,mixed,product,2026-09-26,false,data/raw/products/almirah-box-zy0000000178.md
product-zy0000000316-001,products,Alqibla Jae Namaz 70 *110,mixed,product,2026-09-26,false,data/raw/products/alqibla-jae-namaz-70-110-zy0000000316.md
product-zy0000000317-001,products,Alqibla Jae Namaz 80*120,mixed,product,2026-09-26,false,data/raw/products/alqibla-jae-namaz-80-120-zy0000000317.md
product-zy0000000139-001,products,American Cloudy,mixed,product,2026-09-26,false,data/raw/products/american-cloudy-zy0000000139.md
product-zy0000000165-001,products,Beauty Forever Cloudy,mixed,product,2026-09-26,false,data/raw/products/beauty-forever-cloudy-zy0000000165.md
product-zy0000000307-001,products,Butterfly Sofa Cover,mixed,product,2026-09-26,false,data/raw/products/butterfly-sofa-cover-zy0000000307.md
product-zy0000000382-001,products,Chamki Razai,mixed,product,2026-09-26,false,data/raw/products/chamki-razai-zy0000000382.md
product-zy0000000022-001,products,Crystal Double Bed ABC,mixed,product,2026-09-26,false,data/raw/products/crystal-double-bed-abc-zy0000000022.md
product-zy0000000006-001,products,Crystal Gadda,mixed,product,2026-09-26,false,data/raw/products/crystal-gadda-zy0000000006.md
product-zy0000000005-001,products,Crystal Razai,mixed,product,2026-09-26,false,data/raw/products/crystal-razai-zy0000000005.md
product-zy0000000019-001,products,Curtain,mixed,product,2026-09-26,false,data/raw/products/curtain-zy0000000019.md
product-zy0000000055-001,products,Cute Baby Baby Blanket,mixed,product,2026-09-26,false,data/raw/products/cute-baby-baby-blanket-zy0000000055.md
product-zy0000000032-001,products,Decent Baby Baby Blanket,mixed,product,2026-09-26,false,data/raw/products/decent-baby-baby-blanket-zy0000000032.md
product-zy0000000082-001,products,Denzy 4 pcs Bedsheet,mixed,product,2026-09-26,false,data/raw/products/denzy-4-pcs-bedsheet-zy0000000082.md
product-zy0000000324-001,products,Diamond Bedsheet 3 pcs,mixed,product,2026-09-26,false,data/raw/products/diamond-bedsheet-3-pcs-zy0000000324.md
product-zy0000000363-001,products,Diamond Double Bed,mixed,product,2026-09-26,false,data/raw/products/diamond-double-bed-zy0000000363.md
product-zy0000000367-001,products,Diamond Parda,mixed,product,2026-09-26,false,data/raw/products/diamond-parda-zy0000000367.md
product-zy0000000220-001,products,Disney Teenage Single Bed,mixed,product,2026-09-26,false,data/raw/products/disney-teenage-single-bed-zy0000000220.md
product-zy0000000385-001,products,Double Blanket Bag,mixed,product,2026-09-26,false,data/raw/products/double-blanket-bag-zy0000000385.md
product-zy0000000338-001,products,Double Razi Cover Velvet,mixed,product,2026-09-26,false,data/raw/products/double-razi-cover-velvet-zy0000000338.md
product-zy0000000377-001,products,Dream By ABC Bed Sheet,mixed,product,2026-09-26,false,data/raw/products/dream-by-abc-bed-sheet-zy0000000377.md
product-zy0000000193-001,products,Elite Home King Size 3 pcs Bedsheet,mixed,product,2026-09-26,false,data/raw/products/elite-home-king-size-3-pcs-bedsheet-zy0000000193.md
product-zy0000000126-001,products,Five Star Cloudy Single,mixed,product,2026-09-26,false,data/raw/products/five-star-cloudy-single-zy0000000126.md
product-zy0000000216-001,products,Flex E Dream 4 pcs Bed Cover,mixed,product,2026-09-26,false,data/raw/products/flex-e-dream-4-pcs-bed-cover-zy0000000216.md
product-zy0000000341-001,products,Fomi Mattress Cover,mixed,product,2026-09-26,false,data/raw/products/fomi-mattress-cover-zy0000000341.md
product-zy0000000375-001,products,Gol Takiya,mixed,product,2026-09-26,false,data/raw/products/gol-takiya-zy0000000375.md
product-zy0000000244-001,products,Golden 4 pcs Bed Cover,mixed,product,2026-09-26,false,data/raw/products/golden-4-pcs-bed-cover-zy0000000244.md
product-zy0000000206-001,products,Golden Baby Blanket,mixed,product,2026-09-26,false,data/raw/products/golden-baby-blanket-zy0000000206.md
product-zy0000000299-001,products,Golden Beast Box,mixed,product,2026-09-26,false,data/raw/products/golden-beast-box-zy0000000299.md
product-zy0000000342-001,products,Jersey Mattress Cover,mixed,product,2026-09-26,false,data/raw/products/jersey-mattress-cover-zy0000000342.md
product-zy0000000357-001,products,Jersey Single Razai,mixed,product,2026-09-26,false,data/raw/products/jersey-single-razai-zy0000000357.md
product-zy0000000237-001,products,Lavender 4 pcs Bed Cover,mixed,product,2026-09-26,false,data/raw/products/lavender-4-pcs-bed-cover-zy0000000237.md
product-zy0000000012-001,products,Life Time Gadda,mixed,product,2026-09-26,false,data/raw/products/life-time-gadda-zy0000000012.md
product-zy0000000013-001,products,Life Time Razai,mixed,product,2026-09-26,false,data/raw/products/life-time-razai-zy0000000013.md
product-zy0000000284-001,products,Master Gadda,mixed,product,2026-09-26,false,data/raw/products/master-gadda-zy0000000284.md
product-zy0000000147-001,products,Million Gold Cloudy,mixed,product,2026-09-26,false,data/raw/products/million-gold-cloudy-zy0000000147.md
product-zy0000000074-001,products,Morga Gold 4 pcs Bedsheet,mixed,product,2026-09-26,false,data/raw/products/morga-gold-4-pcs-bedsheet-zy0000000074.md
product-zy0000000314-001,products,Motaf Razai Set 14 pcs,mixed,product,2026-09-26,false,data/raw/products/motaf-razai-set-14-pcs-zy0000000314.md
product-zy0000000348-001,products,Motif Bedsheet,mixed,product,2026-09-26,false,data/raw/products/motif-bedsheet-zy0000000348.md
product-zy0000000344-001,products,Multi Mattress Cover,mixed,product,2026-09-26,false,data/raw/products/multi-mattress-cover-zy0000000344.md
product-zy0000000269-001,products,New Born Baby Blanket,mixed,product,2026-09-26,false,data/raw/products/new-born-baby-blanket-zy0000000269.md
product-zy0000000001-001,products,New Sitara Dasterkhawan,mixed,product,2026-09-26,false,data/raw/products/new-sitara-dasterkhawan-zy0000000001.md
product-zy0000000240-001,products,Nice Select Cloudy 4 Pcs Bed Cover,mixed,product,2026-09-26,false,data/raw/products/nice-select-cloudy-4-pcs-bed-cover-zy0000000240.md
product-zy0000000242-001,products,Nice Select DG 4 pcs Bed Cover,mixed,product,2026-09-26,false,data/raw/products/nice-select-dg-4-pcs-bed-cover-zy0000000242.md
product-zy0000000359-001,products,Plachi Razai Cover,mixed,product,2026-09-26,false,data/raw/products/plachi-razai-cover-zy0000000359.md
product-zy0000000056-001,products,Pure Lily Baby Blanket,mixed,product,2026-09-26,false,data/raw/products/pure-lily-baby-blanket-zy0000000056.md
product-zy0000000058-001,products,Pure Lily Single Bed,mixed,product,2026-09-26,false,data/raw/products/pure-lily-single-bed-zy0000000058.md
product-zy0000000396-001,products,Rashmi Gadda,mixed,product,2026-09-26,false,data/raw/products/rashmi-gadda-zy0000000396.md
product-zy0000000387-001,products,Razai Set Bag,mixed,product,2026-09-26,false,data/raw/products/razai-set-bag-zy0000000387.md
product-zy0000000020-001,products,Royal King Size Bedsheet,mixed,product,2026-09-26,false,data/raw/products/royal-king-size-bedsheet-zy0000000020.md
product-zy0000000016-001,products,Royal Razai,mixed,product,2026-09-26,false,data/raw/products/royal-razai-zy0000000016.md
product-zy0000000318-001,products,Sami Gold Razai Cover,mixed,product,2026-09-26,false,data/raw/products/sami-gold-razai-cover-zy0000000318.md
product-zy0000000029-001,products,Shapar Plant Razai,mixed,product,2026-09-26,false,data/raw/products/shapar-plant-razai-zy0000000029.md
product-zy0000000033-001,products,Shine Star Baby Blanket,mixed,product,2026-09-26,false,data/raw/products/shine-star-baby-blanket-zy0000000033.md
product-zy0000000004-001,products,Sillai Dasterkhawan,mixed,product,2026-09-26,false,data/raw/products/sillai-dasterkhawan-zy0000000004.md
product-zy0000000192-001,products,Silver Home King Size 3 pcs Bedsheet,mixed,product,2026-09-26,false,data/raw/products/silver-home-king-size-3-pcs-bedsheet-zy0000000192.md
product-zy0000000384-001,products,Single Blanket Bag,mixed,product,2026-09-26,false,data/raw/products/single-blanket-bag-zy0000000384.md
product-zy0000000003-001,products,Sitara Dasterkhawan,mixed,product,2026-09-26,false,data/raw/products/sitara-dasterkhawan-zy0000000003.md
product-zy0000000403-001,products,Sitara Gadda,mixed,product,2026-09-26,false,data/raw/products/sitara-gadda-zy0000000403.md
product-zy0000000031-001,products,Smart Baby Baby Blanket,mixed,product,2026-09-26,false,data/raw/products/smart-baby-baby-blanket-zy0000000031.md
product-zy0000000205-001,products,Smile Baby Blanket,mixed,product,2026-09-26,false,data/raw/products/smile-baby-blanket-zy0000000205.md
product-zy0000000227-001,products,Spring Rose Cloudy Double Bed,mixed,product,2026-09-26,false,data/raw/products/spring-rose-cloudy-double-bed-zy0000000227.md
product-zy0000000209-001,products,Super Baby Cloudy Blanket,mixed,product,2026-09-26,false,data/raw/products/super-baby-cloudy-blanket-zy0000000209.md
product-zy0000000247-001,products,Super Cloudy DG 4 pcs Bed Cover,mixed,product,2026-09-26,false,data/raw/products/super-cloudy-dg-4-pcs-bed-cover-zy0000000247.md
product-zy0000000011-001,products,Super Razai,mixed,product,2026-09-26,false,data/raw/products/super-razai-zy0000000011.md
product-zy0000000204-001,products,Sweet Baby Blanket,mixed,product,2026-09-26,false,data/raw/products/sweet-baby-blanket-zy0000000204.md
product-zy0000000173-001,products,Tiger Box,mixed,product,2026-09-26,false,data/raw/products/tiger-box-zy0000000173.md
product-zy0000000071-001,products,Turkish 5 pcs Sofa Cover,mixed,product,2026-09-26,false,data/raw/products/turkish-5-pcs-sofa-cover-zy0000000071.md
product-zy0000000238-001,products,Victory 4 pcs Bed Cover,mixed,product,2026-09-26,false,data/raw/products/victory-4-pcs-bed-cover-zy0000000238.md
product-zy0000000226-001,products,Victory Double Bed Blanket,mixed,product,2026-09-26,false,data/raw/products/victory-double-bed-blanket-zy0000000226.md
product-zy0000000094-001,products,Welcome Border Double Bed,mixed,product,2026-09-26,false,data/raw/products/welcome-border-double-bed-zy0000000094.md
product-zy0000000239-001,products,Winner 4 pcs Bed Cover,mixed,product,2026-09-26,false,data/raw/products/winner-4-pcs-bed-cover-zy0000000239.md
qa-razai-cover-separate-001,support_qa,Support Q&A: razai cover separate,roman_ur,support_qa,2026-09-26,false,data/raw/support_qa/qa-001.md
qa-double-bed-sheet-size-001,support_qa,Support Q&A: double bed sheet size,roman_ur,support_qa,2026-09-26,false,data/raw/support_qa/qa-002.md
qa-queen-bed-fit-001,support_qa,Support Q&A: queen bed fit,en,support_qa,2026-09-26,false,data/raw/support_qa/qa-003.md
qa-cod-availability-001,support_qa,Support Q&A: cod availability,roman_ur,support_qa,2026-09-26,false,data/raw/support_qa/qa-004.md
qa-delivery-charges-karachi-001,support_qa,Support Q&A: delivery charges karachi,roman_ur,support_qa,2026-09-26,false,data/raw/support_qa/qa-005.md
qa-return-opened-sheet-001,support_qa,Support Q&A: return opened sheet,en,support_qa,2026-09-26,false,data/raw/support_qa/qa-006.md
qa-exchange-size-001,support_qa,Support Q&A: exchange size,roman_ur,support_qa,2026-09-26,false,data/raw/support_qa/qa-007.md
qa-cloudy-meaning-001,support_qa,Support Q&A: cloudy meaning,roman_ur,support_qa,2026-09-26,false,data/raw/support_qa/qa-008.md
qa-razai-urdu-price-001,support_qa,Support Q&A: razai urdu price,ur,support_qa,2026-09-26,false,data/raw/support_qa/qa-009.md
qa-jae-namaz-bulk-001,support_qa,Support Q&A: jae namaz bulk,roman_ur,support_qa,2026-09-26,false,data/raw/support_qa/qa-010.md
qa-late-parcel-001,support_qa,Support Q&A: late parcel,roman_ur,support_qa,2026-09-26,false,data/raw/support_qa/qa-011.md
qa-missing-pillow-cover-001,support_qa,Support Q&A: missing pillow cover,roman_ur,support_qa,2026-09-26,false,data/raw/support_qa/qa-012.md
qa-wash-cloudy-001,support_qa,Support Q&A: wash cloudy,en,support_qa,2026-09-26,false,data/raw/support_qa/qa-013.md
qa-razai-wash-001,support_qa,Support Q&A: razai wash,roman_ur,support_qa,2026-09-26,false,data/raw/support_qa/qa-014.md
qa-gadda-thickness-001,support_qa,Support Q&A: gadda thickness,roman_ur,support_qa,2026-09-26,false,data/raw/support_qa/qa-015.md
qa-cancel-after-dispatch-001,support_qa,Support Q&A: cancel after dispatch,roman_ur,support_qa,2026-09-26,false,data/raw/support_qa/qa-016.md
qa-refund-cod-001,support_qa,Support Q&A: refund cod,roman_ur,support_qa,2026-09-26,false,data/raw/support_qa/qa-017.md
qa-velvet-summer-001,support_qa,Support Q&A: velvet summer,roman_ur,support_qa,2026-09-26,false,data/raw/support_qa/qa-018.md
qa-silk-real-001,support_qa,Support Q&A: silk real,en,support_qa,2026-09-26,false,data/raw/support_qa/qa-019.md
qa-king-size-fit-6ft-001,support_qa,Support Q&A: king size fit 6ft,roman_ur,support_qa,2026-09-26,false,data/raw/support_qa/qa-020.md
qa-shop-timing-001,support_qa,Support Q&A: shop timing,ur,support_qa,2026-09-26,false,data/raw/support_qa/qa-021.md
qa-damaged-parcel-001,support_qa,Support Q&A: damaged parcel,roman_ur,support_qa,2026-09-26,false,data/raw/support_qa/qa-022.md
qa-baby-blanket-size-001,support_qa,Support Q&A: baby blanket size,roman_ur,support_qa,2026-09-26,false,data/raw/support_qa/qa-023.md
qa-stock-back-001,support_qa,Support Q&A: stock back,roman_ur,support_qa,2026-09-26,false,data/raw/support_qa/qa-024.md
qa-easypaisa-advance-001,support_qa,Support Q&A: easypaisa advance,roman_ur,support_qa,2026-09-26,false,data/raw/support_qa/qa-025.md
table-orders-001,structured,Orders (synthetic),en,structured,2026-09-27,false,data/raw/structured/orders.csv
table-prices-stock-001,structured,Retail prices and stock status,en,structured,2026-09-27,false,data/raw/structured/prices_stock.csv
catalogue-pos-export-001,pos_catalogue,POS catalogue export,en,catalogue_export,2026-08-16,false,data/raw/pos_catalogue/products-export.json
